<?xml version="1.0" encoding="UTF-8"?>
<project-private xmlns="http://www.netbeans.org/ns/project-private/1">
    <editor-bookmarks xmlns="http://www.netbeans.org/ns/editor-bookmarks/2" lastBookmarkId="0"/>
    <open-files xmlns="http://www.netbeans.org/ns/projectui-open-files/2">
        <group>
            <file>file:/C:/Users/bened_000/Documents/Protothreads_1_2_TFT_SPI2_UART_Original/Protothreads_1_2_TFT_SPI2/Protothreads_1_2_TFT_SPI2/Protothreads_1_2/main.c</file>
            <file>file:/C:/Users/bened_000/Documents/Protothreads_1_2_TFT_SPI2_UART_Original/Protothreads_1_2_TFT_SPI2/Protothreads_1_2_TFT_SPI2/Protothreads_1_2/pt_cornell_1_2.h</file>
        </group>
    </open-files>
</project-private>
